-- INTEGRANTES
-- Felipe Breno Sugisawa Altran RM94170
-- Leandro Alves de Souza Braga RM94513
-- Leonardo Lima Barbosa RM95432
-- Rafaela Gomes da Silva RM94972
-- Vinicius Alves Torres RM94266

INSERT INTO RM94513.ESTADO (COD_UF, UNIDADE_FEDERATIVA, UF) VALUES(5, 'Amazonas', 'AM');
INSERT INTO RM94513.ESTADO (COD_UF, UNIDADE_FEDERATIVA, UF) VALUES(3, 'Rondonia', 'RO');
INSERT INTO RM94513.ESTADO (COD_UF, UNIDADE_FEDERATIVA, UF) VALUES(4, 'Acre', 'AC');
INSERT INTO RM94513.ESTADO (COD_UF, UNIDADE_FEDERATIVA, UF) VALUES(6, 'Roraima', 'RR');
INSERT INTO RM94513.ESTADO (COD_UF, UNIDADE_FEDERATIVA, UF) VALUES(7, 'Pará', 'PA');
INSERT INTO RM94513.ESTADO (COD_UF, UNIDADE_FEDERATIVA, UF) VALUES(8, 'Amapá', 'AP');
INSERT INTO RM94513.ESTADO (COD_UF, UNIDADE_FEDERATIVA, UF) VALUES(9, 'Tocantins', 'TO');
INSERT INTO RM94513.ESTADO (COD_UF, UNIDADE_FEDERATIVA, UF) VALUES(10, 'Maranhão', 'MA');
INSERT INTO RM94513.ESTADO (COD_UF, UNIDADE_FEDERATIVA, UF) VALUES(11, 'Piauí', 'PI');
INSERT INTO RM94513.ESTADO (COD_UF, UNIDADE_FEDERATIVA, UF) VALUES(12, 'Ceará', 'CE');
INSERT INTO RM94513.ESTADO (COD_UF, UNIDADE_FEDERATIVA, UF) VALUES(13, 'Rio Grande do Norte', 'RN');
INSERT INTO RM94513.ESTADO (COD_UF, UNIDADE_FEDERATIVA, UF) VALUES(14, 'Paraíba', 'PB');
INSERT INTO RM94513.ESTADO (COD_UF, UNIDADE_FEDERATIVA, UF) VALUES(15, 'Pernambuco', 'PE');
INSERT INTO RM94513.ESTADO (COD_UF, UNIDADE_FEDERATIVA, UF) VALUES(16, 'Alagoas', 'AL');
INSERT INTO RM94513.ESTADO (COD_UF, UNIDADE_FEDERATIVA, UF) VALUES(17, 'Sergipe', 'SE');
INSERT INTO RM94513.ESTADO (COD_UF, UNIDADE_FEDERATIVA, UF) VALUES(21, 'Espírito Santo', 'ES');
INSERT INTO RM94513.ESTADO (COD_UF, UNIDADE_FEDERATIVA, UF) VALUES(19, 'Bahia', 'BA');
INSERT INTO RM94513.ESTADO (COD_UF, UNIDADE_FEDERATIVA, UF) VALUES(20, 'Minas Gerais', 'MG');
INSERT INTO RM94513.ESTADO (COD_UF, UNIDADE_FEDERATIVA, UF) VALUES(22, 'Rio de Janeiro', 'RJ');
INSERT INTO RM94513.ESTADO (COD_UF, UNIDADE_FEDERATIVA, UF) VALUES(23, 'São Paulo', 'SP');
INSERT INTO RM94513.ESTADO (COD_UF, UNIDADE_FEDERATIVA, UF) VALUES(24, 'Paraná', 'PR');
INSERT INTO RM94513.ESTADO (COD_UF, UNIDADE_FEDERATIVA, UF) VALUES(25, 'Santa Catarina', 'SC');
INSERT INTO RM94513.ESTADO (COD_UF, UNIDADE_FEDERATIVA, UF) VALUES(26, 'Rio Grande do Sul', 'RS');
INSERT INTO RM94513.ESTADO (COD_UF, UNIDADE_FEDERATIVA, UF) VALUES(27, 'Mato Grosso do Sul', 'MS');
INSERT INTO RM94513.ESTADO (COD_UF, UNIDADE_FEDERATIVA, UF) VALUES(28, 'Mato Grosso', 'MT');
INSERT INTO RM94513.ESTADO (COD_UF, UNIDADE_FEDERATIVA, UF) VALUES(29, 'Goiás', 'GO');
INSERT INTO RM94513.ESTADO (COD_UF, UNIDADE_FEDERATIVA, UF) VALUES(30, 'Distrito Federal', 'DF');

INSERT INTO RM94513.CIDADE (COD_CIDADE, NOM_CIDADE, ESTADO_COD_UF) VALUES(1, 'São Paulo', 23);
INSERT INTO RM94513.CIDADE (COD_CIDADE, NOM_CIDADE, ESTADO_COD_UF) VALUES(7, 'Barueri', 23);
INSERT INTO RM94513.CIDADE (COD_CIDADE, NOM_CIDADE, ESTADO_COD_UF) VALUES(5, 'Cotia', 23);
INSERT INTO RM94513.CIDADE (COD_CIDADE, NOM_CIDADE, ESTADO_COD_UF) VALUES(6, 'Osasco', 23);
INSERT INTO RM94513.CIDADE (COD_CIDADE, NOM_CIDADE, ESTADO_COD_UF) VALUES(8, 'Campinas', 23);
INSERT INTO RM94513.CIDADE (COD_CIDADE, NOM_CIDADE, ESTADO_COD_UF) VALUES(9, 'Ribeirão Preto', 23);
INSERT INTO RM94513.CIDADE (COD_CIDADE, NOM_CIDADE, ESTADO_COD_UF) VALUES(10, 'Mauá', 23);
INSERT INTO RM94513.CIDADE (COD_CIDADE, NOM_CIDADE, ESTADO_COD_UF) VALUES(11, 'Guarulhos', 23);
INSERT INTO RM94513.CIDADE (COD_CIDADE, NOM_CIDADE, ESTADO_COD_UF) VALUES(12, 'São José dos Campos', 23);
INSERT INTO RM94513.CIDADE (COD_CIDADE, NOM_CIDADE, ESTADO_COD_UF) VALUES(13, 'Sorocaba', 23);
INSERT INTO RM94513.CIDADE (COD_CIDADE, NOM_CIDADE, ESTADO_COD_UF) VALUES(14, 'Santos', 23);
INSERT INTO RM94513.CIDADE (COD_CIDADE, NOM_CIDADE, ESTADO_COD_UF) VALUES(15, 'Diadema', 23);
INSERT INTO RM94513.CIDADE (COD_CIDADE, NOM_CIDADE, ESTADO_COD_UF) VALUES(16, 'Jundiaí', 23);
INSERT INTO RM94513.CIDADE (COD_CIDADE, NOM_CIDADE, ESTADO_COD_UF) VALUES(17, 'Carapicuíba', 23);
INSERT INTO RM94513.CIDADE (COD_CIDADE, NOM_CIDADE, ESTADO_COD_UF) VALUES(18, 'Bauru', 23);
INSERT INTO RM94513.CIDADE (COD_CIDADE, NOM_CIDADE, ESTADO_COD_UF) VALUES(19, 'São Vicente', 23);
INSERT INTO RM94513.CIDADE (COD_CIDADE, NOM_CIDADE, ESTADO_COD_UF) VALUES(20, 'Franca', 23);
INSERT INTO RM94513.CIDADE (COD_CIDADE, NOM_CIDADE, ESTADO_COD_UF) VALUES(21, 'Taubaté', 23);
INSERT INTO RM94513.CIDADE (COD_CIDADE, NOM_CIDADE, ESTADO_COD_UF) VALUES(22, 'Americana', 23);
INSERT INTO RM94513.CIDADE (COD_CIDADE, NOM_CIDADE, ESTADO_COD_UF) VALUES(23, 'Itapevi', 23);


INSERT INTO RM94513.BAIRRO (COD_BAIRRO, NOM_BAIRRO, CIDADE_COD_CIDADE) VALUES(1, 'Jardim Boa Vista', 1);
INSERT INTO RM94513.BAIRRO (COD_BAIRRO, NOM_BAIRRO, CIDADE_COD_CIDADE) VALUES(2, 'Jardim Sandra', 5);
INSERT INTO RM94513.BAIRRO (COD_BAIRRO, NOM_BAIRRO, CIDADE_COD_CIDADE) VALUES(4, 'Butantã', 1);
INSERT INTO RM94513.BAIRRO (COD_BAIRRO, NOM_BAIRRO, CIDADE_COD_CIDADE) VALUES(5, 'Lapa', 1);
INSERT INTO RM94513.BAIRRO (COD_BAIRRO, NOM_BAIRRO, CIDADE_COD_CIDADE) VALUES(6, 'Barra Funda', 1);
INSERT INTO RM94513.BAIRRO (COD_BAIRRO, NOM_BAIRRO, CIDADE_COD_CIDADE) VALUES(7, 'Cambuci', 1);
INSERT INTO RM94513.BAIRRO (COD_BAIRRO, NOM_BAIRRO, CIDADE_COD_CIDADE) VALUES(8, 'Belém', 1);
INSERT INTO RM94513.BAIRRO (COD_BAIRRO, NOM_BAIRRO, CIDADE_COD_CIDADE) VALUES(9, 'Água Rasa', 1);
INSERT INTO RM94513.BAIRRO (COD_BAIRRO, NOM_BAIRRO, CIDADE_COD_CIDADE) VALUES(10, 'Pinheiros', 1);
INSERT INTO RM94513.BAIRRO (COD_BAIRRO, NOM_BAIRRO, CIDADE_COD_CIDADE) VALUES(11, 'Artur Alvim', 1);
INSERT INTO RM94513.BAIRRO (COD_BAIRRO, NOM_BAIRRO, CIDADE_COD_CIDADE) VALUES(12, 'Jabaquara', 1);
INSERT INTO RM94513.BAIRRO (COD_BAIRRO, NOM_BAIRRO, CIDADE_COD_CIDADE) VALUES(13, 'Jaçanã', 1);
INSERT INTO RM94513.BAIRRO (COD_BAIRRO, NOM_BAIRRO, CIDADE_COD_CIDADE) VALUES(14, 'Jaguaré', 1);
INSERT INTO RM94513.BAIRRO (COD_BAIRRO, NOM_BAIRRO, CIDADE_COD_CIDADE) VALUES(15, 'Liberdade', 1);
INSERT INTO RM94513.BAIRRO (COD_BAIRRO, NOM_BAIRRO, CIDADE_COD_CIDADE) VALUES(16, 'Limão', 1);
INSERT INTO RM94513.BAIRRO (COD_BAIRRO, NOM_BAIRRO, CIDADE_COD_CIDADE) VALUES(17, 'Moema', 1);
INSERT INTO RM94513.BAIRRO (COD_BAIRRO, NOM_BAIRRO, CIDADE_COD_CIDADE) VALUES(18, 'Mooca', 1);
INSERT INTO RM94513.BAIRRO (COD_BAIRRO, NOM_BAIRRO, CIDADE_COD_CIDADE) VALUES(19, 'Morumbi', 1);
INSERT INTO RM94513.BAIRRO (COD_BAIRRO, NOM_BAIRRO, CIDADE_COD_CIDADE) VALUES(20, 'Parelheiros', 1);
INSERT INTO RM94513.BAIRRO (COD_BAIRRO, NOM_BAIRRO, CIDADE_COD_CIDADE) VALUES(21, 'Freguesia do Ó', 1);


INSERT INTO RM94513.VAGA_CATEGORIA (COD_CATEGORIA, NOME_CATEGORIA) VALUES(1, 'React');
INSERT INTO RM94513.VAGA_CATEGORIA (COD_CATEGORIA, NOME_CATEGORIA) VALUES(2, 'Java');
INSERT INTO RM94513.VAGA_CATEGORIA (COD_CATEGORIA, NOME_CATEGORIA) VALUES(3, 'FullStack');
INSERT INTO RM94513.VAGA_CATEGORIA (COD_CATEGORIA, NOME_CATEGORIA) VALUES(4, 'Backend');
INSERT INTO RM94513.VAGA_CATEGORIA (COD_CATEGORIA, NOME_CATEGORIA) VALUES(5, 'Análise de Dados');
INSERT INTO RM94513.VAGA_CATEGORIA (COD_CATEGORIA, NOME_CATEGORIA) VALUES(6, 'Machine Learning');
INSERT INTO RM94513.VAGA_CATEGORIA (COD_CATEGORIA, NOME_CATEGORIA) VALUES(7, 'Frontend');
INSERT INTO RM94513.VAGA_CATEGORIA (COD_CATEGORIA, NOME_CATEGORIA) VALUES(8, 'Ruby');
INSERT INTO RM94513.VAGA_CATEGORIA (COD_CATEGORIA, NOME_CATEGORIA) VALUES(9, 'SQL');
INSERT INTO RM94513.VAGA_CATEGORIA (COD_CATEGORIA, NOME_CATEGORIA) VALUES(10, 'Spring');

INSERT INTO RM94513.PESSOA (COD_PESSOA, TIPO_PESSOA, DATA_REGISTRO) VALUES(4, 'Usuario', TIMESTAMP '2022-10-16 18:13:40.000000');
INSERT INTO RM94513.PESSOA (COD_PESSOA, TIPO_PESSOA, DATA_REGISTRO) VALUES(5, 'Usuario', TIMESTAMP '2022-10-16 18:54:27.000000');
INSERT INTO RM94513.PESSOA (COD_PESSOA, TIPO_PESSOA, DATA_REGISTRO) VALUES(6, 'Usuario', TIMESTAMP '2022-10-16 20:22:46.000000');
INSERT INTO RM94513.PESSOA (COD_PESSOA, TIPO_PESSOA, DATA_REGISTRO) VALUES(42, 'Empresa', TIMESTAMP '2022-10-16 22:41:15.000000');
INSERT INTO RM94513.PESSOA (COD_PESSOA, TIPO_PESSOA, DATA_REGISTRO) VALUES(43, 'Empresa', TIMESTAMP '2022-10-16 22:41:15.000000');
INSERT INTO RM94513.PESSOA (COD_PESSOA, TIPO_PESSOA, DATA_REGISTRO) VALUES(44, 'Empresa', TIMESTAMP '2022-10-16 22:41:16.000000');
INSERT INTO RM94513.PESSOA (COD_PESSOA, TIPO_PESSOA, DATA_REGISTRO) VALUES(45, 'Empresa', TIMESTAMP '2022-10-16 22:41:16.000000');
INSERT INTO RM94513.PESSOA (COD_PESSOA, TIPO_PESSOA, DATA_REGISTRO) VALUES(46, 'Empresa', TIMESTAMP '2022-10-16 22:41:16.000000');
INSERT INTO RM94513.PESSOA (COD_PESSOA, TIPO_PESSOA, DATA_REGISTRO) VALUES(47, 'Empresa', TIMESTAMP '2022-10-16 22:41:17.000000');
INSERT INTO RM94513.PESSOA (COD_PESSOA, TIPO_PESSOA, DATA_REGISTRO) VALUES(48, 'Empresa', TIMESTAMP '2022-10-16 22:41:17.000000');
INSERT INTO RM94513.PESSOA (COD_PESSOA, TIPO_PESSOA, DATA_REGISTRO) VALUES(49, 'Empresa', TIMESTAMP '2022-10-16 22:41:17.000000');
INSERT INTO RM94513.PESSOA (COD_PESSOA, TIPO_PESSOA, DATA_REGISTRO) VALUES(50, 'Empresa', TIMESTAMP '2022-10-16 22:41:18.000000');
INSERT INTO RM94513.PESSOA (COD_PESSOA, TIPO_PESSOA, DATA_REGISTRO) VALUES(51, 'Empresa', TIMESTAMP '2022-10-16 22:41:18.000000');
INSERT INTO RM94513.PESSOA (COD_PESSOA, TIPO_PESSOA, DATA_REGISTRO) VALUES(52, 'Empresa', TIMESTAMP '2022-10-16 22:41:18.000000');
INSERT INTO RM94513.PESSOA (COD_PESSOA, TIPO_PESSOA, DATA_REGISTRO) VALUES(53, 'Empresa', TIMESTAMP '2022-10-16 22:41:19.000000');
INSERT INTO RM94513.PESSOA (COD_PESSOA, TIPO_PESSOA, DATA_REGISTRO) VALUES(54, 'Empresa', TIMESTAMP '2022-10-16 22:41:19.000000');
INSERT INTO RM94513.PESSOA (COD_PESSOA, TIPO_PESSOA, DATA_REGISTRO) VALUES(55, 'Empresa', TIMESTAMP '2022-10-16 22:41:20.000000');
INSERT INTO RM94513.PESSOA (COD_PESSOA, TIPO_PESSOA, DATA_REGISTRO) VALUES(56, 'Empresa', TIMESTAMP '2022-10-16 22:41:21.000000');
INSERT INTO RM94513.PESSOA (COD_PESSOA, TIPO_PESSOA, DATA_REGISTRO) VALUES(7, 'Recrutador', TIMESTAMP '2022-10-16 20:56:30.000000');
INSERT INTO RM94513.PESSOA (COD_PESSOA, TIPO_PESSOA, DATA_REGISTRO) VALUES(8, 'Recrutador', TIMESTAMP '2022-10-16 20:56:33.000000');
INSERT INTO RM94513.PESSOA (COD_PESSOA, TIPO_PESSOA, DATA_REGISTRO) VALUES(9, 'Recrutador', TIMESTAMP '2022-10-16 20:56:35.000000');
INSERT INTO RM94513.PESSOA (COD_PESSOA, TIPO_PESSOA, DATA_REGISTRO) VALUES(10, 'Recrutador', TIMESTAMP '2022-10-16 20:56:37.000000');
INSERT INTO RM94513.PESSOA (COD_PESSOA, TIPO_PESSOA, DATA_REGISTRO) VALUES(11, 'Recrutador', TIMESTAMP '2022-10-16 20:56:38.000000');
INSERT INTO RM94513.PESSOA (COD_PESSOA, TIPO_PESSOA, DATA_REGISTRO) VALUES(12, 'Recrutador', TIMESTAMP '2022-10-16 20:56:38.000000');
INSERT INTO RM94513.PESSOA (COD_PESSOA, TIPO_PESSOA, DATA_REGISTRO) VALUES(13, 'Recrutador', TIMESTAMP '2022-10-16 20:56:39.000000');
INSERT INTO RM94513.PESSOA (COD_PESSOA, TIPO_PESSOA, DATA_REGISTRO) VALUES(14, 'Recrutador', TIMESTAMP '2022-10-16 20:56:39.000000');
INSERT INTO RM94513.PESSOA (COD_PESSOA, TIPO_PESSOA, DATA_REGISTRO) VALUES(15, 'Recrutador', TIMESTAMP '2022-10-16 20:56:39.000000');
INSERT INTO RM94513.PESSOA (COD_PESSOA, TIPO_PESSOA, DATA_REGISTRO) VALUES(16, 'Recrutador', TIMESTAMP '2022-10-16 20:56:40.000000');
INSERT INTO RM94513.PESSOA (COD_PESSOA, TIPO_PESSOA, DATA_REGISTRO) VALUES(17, 'Recrutador', TIMESTAMP '2022-10-16 20:56:40.000000');
INSERT INTO RM94513.PESSOA (COD_PESSOA, TIPO_PESSOA, DATA_REGISTRO) VALUES(18, 'Recrutador', TIMESTAMP '2022-10-16 20:56:40.000000');
INSERT INTO RM94513.PESSOA (COD_PESSOA, TIPO_PESSOA, DATA_REGISTRO) VALUES(19, 'Recrutador', TIMESTAMP '2022-10-16 20:56:41.000000');
INSERT INTO RM94513.PESSOA (COD_PESSOA, TIPO_PESSOA, DATA_REGISTRO) VALUES(20, 'Recrutador', TIMESTAMP '2022-10-16 20:56:41.000000');
INSERT INTO RM94513.PESSOA (COD_PESSOA, TIPO_PESSOA, DATA_REGISTRO) VALUES(21, 'Recrutador', TIMESTAMP '2022-10-16 20:56:42.000000');
INSERT INTO RM94513.PESSOA (COD_PESSOA, TIPO_PESSOA, DATA_REGISTRO) VALUES(22, 'Recrutador', TIMESTAMP '2022-10-16 20:56:42.000000');
INSERT INTO RM94513.PESSOA (COD_PESSOA, TIPO_PESSOA, DATA_REGISTRO) VALUES(23, 'Recrutador', TIMESTAMP '2022-10-16 20:56:42.000000');
INSERT INTO RM94513.PESSOA (COD_PESSOA, TIPO_PESSOA, DATA_REGISTRO) VALUES(24, 'Recrutador', TIMESTAMP '2022-10-16 20:56:43.000000');
INSERT INTO RM94513.PESSOA (COD_PESSOA, TIPO_PESSOA, DATA_REGISTRO) VALUES(25, 'Recrutador', TIMESTAMP '2022-10-16 20:56:43.000000');
INSERT INTO RM94513.PESSOA (COD_PESSOA, TIPO_PESSOA, DATA_REGISTRO) VALUES(26, 'Recrutador', TIMESTAMP '2022-10-16 20:57:35.000000');
INSERT INTO RM94513.PESSOA (COD_PESSOA, TIPO_PESSOA, DATA_REGISTRO) VALUES(27, 'Candidato', TIMESTAMP '2022-10-16 21:27:27.000000');
INSERT INTO RM94513.PESSOA (COD_PESSOA, TIPO_PESSOA, DATA_REGISTRO) VALUES(28, 'Candidato', TIMESTAMP '2022-10-16 21:27:27.000000');
INSERT INTO RM94513.PESSOA (COD_PESSOA, TIPO_PESSOA, DATA_REGISTRO) VALUES(29, 'Candidato', TIMESTAMP '2022-10-16 21:27:28.000000');
INSERT INTO RM94513.PESSOA (COD_PESSOA, TIPO_PESSOA, DATA_REGISTRO) VALUES(30, 'Candidato', TIMESTAMP '2022-10-16 21:27:28.000000');
INSERT INTO RM94513.PESSOA (COD_PESSOA, TIPO_PESSOA, DATA_REGISTRO) VALUES(31, 'Candidato', TIMESTAMP '2022-10-16 21:27:28.000000');
INSERT INTO RM94513.PESSOA (COD_PESSOA, TIPO_PESSOA, DATA_REGISTRO) VALUES(32, 'Candidato', TIMESTAMP '2022-10-16 21:27:29.000000');
INSERT INTO RM94513.PESSOA (COD_PESSOA, TIPO_PESSOA, DATA_REGISTRO) VALUES(33, 'Candidato', TIMESTAMP '2022-10-16 21:27:29.000000');
INSERT INTO RM94513.PESSOA (COD_PESSOA, TIPO_PESSOA, DATA_REGISTRO) VALUES(34, 'Candidato', TIMESTAMP '2022-10-16 21:27:30.000000');
INSERT INTO RM94513.PESSOA (COD_PESSOA, TIPO_PESSOA, DATA_REGISTRO) VALUES(35, 'Candidato', TIMESTAMP '2022-10-16 21:27:30.000000');
INSERT INTO RM94513.PESSOA (COD_PESSOA, TIPO_PESSOA, DATA_REGISTRO) VALUES(36, 'Candidato', TIMESTAMP '2022-10-16 21:27:31.000000');
INSERT INTO RM94513.PESSOA (COD_PESSOA, TIPO_PESSOA, DATA_REGISTRO) VALUES(37, 'Candidato', TIMESTAMP '2022-10-16 21:27:31.000000');
INSERT INTO RM94513.PESSOA (COD_PESSOA, TIPO_PESSOA, DATA_REGISTRO) VALUES(38, 'Candidato', TIMESTAMP '2022-10-16 21:27:31.000000');
INSERT INTO RM94513.PESSOA (COD_PESSOA, TIPO_PESSOA, DATA_REGISTRO) VALUES(39, 'Candidato', TIMESTAMP '2022-10-16 21:27:32.000000');
INSERT INTO RM94513.PESSOA (COD_PESSOA, TIPO_PESSOA, DATA_REGISTRO) VALUES(40, 'Candidato', TIMESTAMP '2022-10-16 21:27:32.000000');
INSERT INTO RM94513.PESSOA (COD_PESSOA, TIPO_PESSOA, DATA_REGISTRO) VALUES(41, 'Candidato', TIMESTAMP '2022-10-16 21:27:33.000000');

INSERT INTO RM94513.VAGA (ID_VAGA, VAGA_CATEGORIA_COD_CATEGORIA, STATUS_VAGA, DESCRICAO, DATA_ABERTURA, DATA_FECHAMENTO, LOCALIZACAO) VALUES(4, 1, 'Aberta', 'Salario: 3000 | Estágio React', TIMESTAMP '2022-10-16 21:38:52.000000', NULL, 'São Paulo');
INSERT INTO RM94513.VAGA (ID_VAGA, VAGA_CATEGORIA_COD_CATEGORIA, STATUS_VAGA, DESCRICAO, DATA_ABERTURA, DATA_FECHAMENTO, LOCALIZACAO) VALUES(3, 1, 'Aberta', 'Vaga React developer Junior', TIMESTAMP '2022-10-16 21:38:34.000000', NULL, 'São Paulo');
INSERT INTO RM94513.VAGA (ID_VAGA, VAGA_CATEGORIA_COD_CATEGORIA, STATUS_VAGA, DESCRICAO, DATA_ABERTURA, DATA_FECHAMENTO, LOCALIZACAO) VALUES(5, 5, 'Fechada', 'Salario: 4000 | Desenvolvedor Java Jr.', TIMESTAMP '2022-10-16 23:04:50.000000', NULL, 'São Paulo');

INSERT INTO RM94513.ATRIBUTOS_NOME (COD_ATRIBUTO, NOME_ATRIBUTO) VALUES(3, 'PYTHON');
INSERT INTO RM94513.ATRIBUTOS_NOME (COD_ATRIBUTO, NOME_ATRIBUTO) VALUES(4, 'SQL');
INSERT INTO RM94513.ATRIBUTOS_NOME (COD_ATRIBUTO, NOME_ATRIBUTO) VALUES(5, 'CSS');
INSERT INTO RM94513.ATRIBUTOS_NOME (COD_ATRIBUTO, NOME_ATRIBUTO) VALUES(7, 'JAVA');
INSERT INTO RM94513.ATRIBUTOS_NOME (COD_ATRIBUTO, NOME_ATRIBUTO) VALUES(8, 'JAVASCRIPT');
INSERT INTO RM94513.ATRIBUTOS_NOME (COD_ATRIBUTO, NOME_ATRIBUTO) VALUES(9, 'LIDERANÇA');
INSERT INTO RM94513.ATRIBUTOS_NOME (COD_ATRIBUTO, NOME_ATRIBUTO) VALUES(10, 'JQUERY');
INSERT INTO RM94513.ATRIBUTOS_NOME (COD_ATRIBUTO, NOME_ATRIBUTO) VALUES(11, 'C++');
INSERT INTO RM94513.ATRIBUTOS_NOME (COD_ATRIBUTO, NOME_ATRIBUTO) VALUES(12, 'ANGULAR');
INSERT INTO RM94513.ATRIBUTOS_NOME (COD_ATRIBUTO, NOME_ATRIBUTO) VALUES(13, 'REACT');
INSERT INTO RM94513.ATRIBUTOS_NOME (COD_ATRIBUTO, NOME_ATRIBUTO) VALUES(14, 'FLEXIBILIDADE');
INSERT INTO RM94513.ATRIBUTOS_NOME (COD_ATRIBUTO, NOME_ATRIBUTO) VALUES(15, 'ORGANIZAÇÃO');
INSERT INTO RM94513.ATRIBUTOS_NOME (COD_ATRIBUTO, NOME_ATRIBUTO) VALUES(16, 'CRIATIVIDADE');
INSERT INTO RM94513.ATRIBUTOS_NOME (COD_ATRIBUTO, NOME_ATRIBUTO) VALUES(17, 'INFORMÁTICA');
INSERT INTO RM94513.ATRIBUTOS_NOME (COD_ATRIBUTO, NOME_ATRIBUTO) VALUES(18, 'HARDWARE');
INSERT INTO RM94513.ATRIBUTOS_NOME (COD_ATRIBUTO, NOME_ATRIBUTO) VALUES(19, 'AGILE');
INSERT INTO RM94513.ATRIBUTOS_NOME (COD_ATRIBUTO, NOME_ATRIBUTO) VALUES(20, 'SCRUM MASTER');
INSERT INTO RM94513.ATRIBUTOS_NOME (COD_ATRIBUTO, NOME_ATRIBUTO) VALUES(21, 'JUPTER NOTEBOOK');
INSERT INTO RM94513.ATRIBUTOS_NOME (COD_ATRIBUTO, NOME_ATRIBUTO) VALUES(1, 'Proatividade');
INSERT INTO RM94513.ATRIBUTOS_NOME (COD_ATRIBUTO, NOME_ATRIBUTO) VALUES(2, 'HTML');

INSERT INTO RM94513.CANDIDATO (ID_CANDIDATO, NOME, SOBRENOME, DT_NASCIMENTO, NM_RESERVISTA, RG, CPF, PESSOA_COD_PESSOA, ESTADO_CIVIL) VALUES(1, 'Vinicius', 'Souza', TIMESTAMP '2002-09-13 00:00:00.000000', NULL, '553381423', '4571489310', 27, 'Solteiro');
INSERT INTO RM94513.CANDIDATO (ID_CANDIDATO, NOME, SOBRENOME, DT_NASCIMENTO, NM_RESERVISTA, RG, CPF, PESSOA_COD_PESSOA, ESTADO_CIVIL) VALUES(2, 'Leonardo', 'Lima', TIMESTAMP '2003-03-15 00:00:00.000000', NULL, '77268191030', '23778585037', 28, 'Solteiro');
INSERT INTO RM94513.CANDIDATO (ID_CANDIDATO, NOME, SOBRENOME, DT_NASCIMENTO, NM_RESERVISTA, RG, CPF, PESSOA_COD_PESSOA, ESTADO_CIVIL) VALUES(3, 'Rafaella', 'Braga', TIMESTAMP '1999-09-09 00:00:00.000000', NULL, '10283611065', '31464682046', 29, 'Casado');
INSERT INTO RM94513.CANDIDATO (ID_CANDIDATO, NOME, SOBRENOME, DT_NASCIMENTO, NM_RESERVISTA, RG, CPF, PESSOA_COD_PESSOA, ESTADO_CIVIL) VALUES(4, 'Felipe', 'Melo', TIMESTAMP '2002-02-07 00:00:00.000000', NULL, '97540193042', '73978040042', 30, 'Solteiro');
INSERT INTO RM94513.CANDIDATO (ID_CANDIDATO, NOME, SOBRENOME, DT_NASCIMENTO, NM_RESERVISTA, RG, CPF, PESSOA_COD_PESSOA, ESTADO_CIVIL) VALUES(5, 'Oscar', 'Freire', TIMESTAMP '2001-10-30 00:00:00.000000', NULL, '23741730033', '93432219083', 31, 'Casado');
INSERT INTO RM94513.CANDIDATO (ID_CANDIDATO, NOME, SOBRENOME, DT_NASCIMENTO, NM_RESERVISTA, RG, CPF, PESSOA_COD_PESSOA, ESTADO_CIVIL) VALUES(6, 'Matheus', 'Carrilho', TIMESTAMP '1950-12-16 00:00:00.000000', NULL, '90807003042', '35815619051', 32, 'Solteiro');
INSERT INTO RM94513.CANDIDATO (ID_CANDIDATO, NOME, SOBRENOME, DT_NASCIMENTO, NM_RESERVISTA, RG, CPF, PESSOA_COD_PESSOA, ESTADO_CIVIL) VALUES(7, 'Ryan', 'Nunes', TIMESTAMP '2003-03-04 00:00:00.000000', NULL, '87083826030', '42437649050', 33, 'Casado');
INSERT INTO RM94513.CANDIDATO (ID_CANDIDATO, NOME, SOBRENOME, DT_NASCIMENTO, NM_RESERVISTA, RG, CPF, PESSOA_COD_PESSOA, ESTADO_CIVIL) VALUES(8, 'Carla', 'Ortiz', TIMESTAMP '2004-07-01 00:00:00.000000', NULL, '63077750090', '59752366066', 34, 'Solteiro');
INSERT INTO RM94513.CANDIDATO (ID_CANDIDATO, NOME, SOBRENOME, DT_NASCIMENTO, NM_RESERVISTA, RG, CPF, PESSOA_COD_PESSOA, ESTADO_CIVIL) VALUES(9, 'Gustavo', 'Torres', TIMESTAMP '2001-05-05 00:00:00.000000', NULL, '91533141070', '07948315080', 35, 'Casado');
INSERT INTO RM94513.CANDIDATO (ID_CANDIDATO, NOME, SOBRENOME, DT_NASCIMENTO, NM_RESERVISTA, RG, CPF, PESSOA_COD_PESSOA, ESTADO_CIVIL) VALUES(10, 'Rafael', 'Navarro', TIMESTAMP '1998-09-26 00:00:00.000000', NULL, '05691860054', '05604249068', 36, 'Solteiro');
INSERT INTO RM94513.CANDIDATO (ID_CANDIDATO, NOME, SOBRENOME, DT_NASCIMENTO, NM_RESERVISTA, RG, CPF, PESSOA_COD_PESSOA, ESTADO_CIVIL) VALUES(11, 'Igor', 'Santo', TIMESTAMP '1999-09-19 00:00:00.000000', NULL, '18997586076', '49636143080', 37, 'Casado');
INSERT INTO RM94513.CANDIDATO (ID_CANDIDATO, NOME, SOBRENOME, DT_NASCIMENTO, NM_RESERVISTA, RG, CPF, PESSOA_COD_PESSOA, ESTADO_CIVIL) VALUES(12, 'Adriana', 'Alves', TIMESTAMP '1998-06-22 00:00:00.000000', NULL, '96322366025', '50740776053', 38, 'Solteiro');
INSERT INTO RM94513.CANDIDATO (ID_CANDIDATO, NOME, SOBRENOME, DT_NASCIMENTO, NM_RESERVISTA, RG, CPF, PESSOA_COD_PESSOA, ESTADO_CIVIL) VALUES(13, 'Marcela', 'Simioni', TIMESTAMP '2001-11-02 00:00:00.000000', NULL, '31670873072', '05604249068', 39, 'Casado');
INSERT INTO RM94513.CANDIDATO (ID_CANDIDATO, NOME, SOBRENOME, DT_NASCIMENTO, NM_RESERVISTA, RG, CPF, PESSOA_COD_PESSOA, ESTADO_CIVIL) VALUES(14, 'Renato', 'Bortolin', TIMESTAMP '2003-07-21 00:00:00.000000', NULL, '21809801087', '49636143080', 40, 'Solteiro');
INSERT INTO RM94513.CANDIDATO (ID_CANDIDATO, NOME, SOBRENOME, DT_NASCIMENTO, NM_RESERVISTA, RG, CPF, PESSOA_COD_PESSOA, ESTADO_CIVIL) VALUES(15, 'Renata', 'Aparecida', TIMESTAMP '2004-05-12 00:00:00.000000', NULL, '42242603019', '74620266000', 41, 'Casado');


INSERT INTO RM94513.CANDIDATO_ATRIBUTOS (ID_ATRIBUTO, CANDIDATO_ID_CANDIDATO, ATRIBUTOS_NOME_COD_ATRIBUTO) VALUES(1, 1, 1);
INSERT INTO RM94513.CANDIDATO_ATRIBUTOS (ID_ATRIBUTO, CANDIDATO_ID_CANDIDATO, ATRIBUTOS_NOME_COD_ATRIBUTO) VALUES(2, 1, 4);
INSERT INTO RM94513.CANDIDATO_ATRIBUTOS (ID_ATRIBUTO, CANDIDATO_ID_CANDIDATO, ATRIBUTOS_NOME_COD_ATRIBUTO) VALUES(3, 1, 15);
INSERT INTO RM94513.CANDIDATO_ATRIBUTOS (ID_ATRIBUTO, CANDIDATO_ID_CANDIDATO, ATRIBUTOS_NOME_COD_ATRIBUTO) VALUES(4, 2, 3);
INSERT INTO RM94513.CANDIDATO_ATRIBUTOS (ID_ATRIBUTO, CANDIDATO_ID_CANDIDATO, ATRIBUTOS_NOME_COD_ATRIBUTO) VALUES(5, 2, 8);
INSERT INTO RM94513.CANDIDATO_ATRIBUTOS (ID_ATRIBUTO, CANDIDATO_ID_CANDIDATO, ATRIBUTOS_NOME_COD_ATRIBUTO) VALUES(6, 2, 14);
INSERT INTO RM94513.CANDIDATO_ATRIBUTOS (ID_ATRIBUTO, CANDIDATO_ID_CANDIDATO, ATRIBUTOS_NOME_COD_ATRIBUTO) VALUES(7, 3, 13);
INSERT INTO RM94513.CANDIDATO_ATRIBUTOS (ID_ATRIBUTO, CANDIDATO_ID_CANDIDATO, ATRIBUTOS_NOME_COD_ATRIBUTO) VALUES(8, 2, 16);
INSERT INTO RM94513.CANDIDATO_ATRIBUTOS (ID_ATRIBUTO, CANDIDATO_ID_CANDIDATO, ATRIBUTOS_NOME_COD_ATRIBUTO) VALUES(9, 8, 5);
INSERT INTO RM94513.CANDIDATO_ATRIBUTOS (ID_ATRIBUTO, CANDIDATO_ID_CANDIDATO, ATRIBUTOS_NOME_COD_ATRIBUTO) VALUES(10, 7, 7);
INSERT INTO RM94513.CANDIDATO_ATRIBUTOS (ID_ATRIBUTO, CANDIDATO_ID_CANDIDATO, ATRIBUTOS_NOME_COD_ATRIBUTO) VALUES(11, 8, 9);
INSERT INTO RM94513.CANDIDATO_ATRIBUTOS (ID_ATRIBUTO, CANDIDATO_ID_CANDIDATO, ATRIBUTOS_NOME_COD_ATRIBUTO) VALUES(12, 5, 4);
INSERT INTO RM94513.CANDIDATO_ATRIBUTOS (ID_ATRIBUTO, CANDIDATO_ID_CANDIDATO, ATRIBUTOS_NOME_COD_ATRIBUTO) VALUES(13, 5, 1);
INSERT INTO RM94513.CANDIDATO_ATRIBUTOS (ID_ATRIBUTO, CANDIDATO_ID_CANDIDATO, ATRIBUTOS_NOME_COD_ATRIBUTO) VALUES(14, 3, 17);
INSERT INTO RM94513.CANDIDATO_ATRIBUTOS (ID_ATRIBUTO, CANDIDATO_ID_CANDIDATO, ATRIBUTOS_NOME_COD_ATRIBUTO) VALUES(15, 2, 15);

INSERT INTO RM94513.RECRUTADOR (PESSOA_COD_PESSOA, COD_RECRUTADOR, CPF, NOME, DATA_REGISTRO) VALUES(8, 3, '45715089808', 'Leandro', TIMESTAMP '2022-10-16 21:10:58.000000');
INSERT INTO RM94513.RECRUTADOR (PESSOA_COD_PESSOA, COD_RECRUTADOR, CPF, NOME, DATA_REGISTRO) VALUES(9, 4, '23778585037', 'Leonardo', TIMESTAMP '2022-10-16 21:24:17.000000');
INSERT INTO RM94513.RECRUTADOR (PESSOA_COD_PESSOA, COD_RECRUTADOR, CPF, NOME, DATA_REGISTRO) VALUES(10, 5, '31464682046', 'Rafaella', TIMESTAMP '2022-10-16 21:24:17.000000');
INSERT INTO RM94513.RECRUTADOR (PESSOA_COD_PESSOA, COD_RECRUTADOR, CPF, NOME, DATA_REGISTRO) VALUES(11, 6, '73978040042', 'Felipe', TIMESTAMP '2022-10-16 21:24:17.000000');
INSERT INTO RM94513.RECRUTADOR (PESSOA_COD_PESSOA, COD_RECRUTADOR, CPF, NOME, DATA_REGISTRO) VALUES(12, 7, '93432219083', 'Vinicius', TIMESTAMP '2022-10-16 21:24:17.000000');
INSERT INTO RM94513.RECRUTADOR (PESSOA_COD_PESSOA, COD_RECRUTADOR, CPF, NOME, DATA_REGISTRO) VALUES(13, 8, '35815619051', 'Matheus', TIMESTAMP '2022-10-16 21:24:17.000000');
INSERT INTO RM94513.RECRUTADOR (PESSOA_COD_PESSOA, COD_RECRUTADOR, CPF, NOME, DATA_REGISTRO) VALUES(14, 9, '42437649050', 'Ryan', TIMESTAMP '2022-10-16 21:24:17.000000');
INSERT INTO RM94513.RECRUTADOR (PESSOA_COD_PESSOA, COD_RECRUTADOR, CPF, NOME, DATA_REGISTRO) VALUES(15, 10, '59752366066', 'Carla', TIMESTAMP '2022-10-16 21:24:17.000000');
INSERT INTO RM94513.RECRUTADOR (PESSOA_COD_PESSOA, COD_RECRUTADOR, CPF, NOME, DATA_REGISTRO) VALUES(16, 11, '07948315080', 'Gustavo', TIMESTAMP '2022-10-16 21:24:17.000000');
INSERT INTO RM94513.RECRUTADOR (PESSOA_COD_PESSOA, COD_RECRUTADOR, CPF, NOME, DATA_REGISTRO) VALUES(17, 12, '50740776053', 'Rafael', TIMESTAMP '2022-10-16 21:24:17.000000');
INSERT INTO RM94513.RECRUTADOR (PESSOA_COD_PESSOA, COD_RECRUTADOR, CPF, NOME, DATA_REGISTRO) VALUES(18, 13, '05604249068', 'Igor', TIMESTAMP '2022-10-16 21:24:17.000000');
INSERT INTO RM94513.RECRUTADOR (PESSOA_COD_PESSOA, COD_RECRUTADOR, CPF, NOME, DATA_REGISTRO) VALUES(19, 14, '49636143080', 'Adriana', TIMESTAMP '2022-10-16 21:24:17.000000');
INSERT INTO RM94513.RECRUTADOR (PESSOA_COD_PESSOA, COD_RECRUTADOR, CPF, NOME, DATA_REGISTRO) VALUES(20, 15, '74620266000', 'Marcela', TIMESTAMP '2022-10-16 21:24:17.000000');
INSERT INTO RM94513.RECRUTADOR (PESSOA_COD_PESSOA, COD_RECRUTADOR, CPF, NOME, DATA_REGISTRO) VALUES(21, 16, '21901030024', 'Renato', TIMESTAMP '2022-10-16 21:24:17.000000');
INSERT INTO RM94513.RECRUTADOR (PESSOA_COD_PESSOA, COD_RECRUTADOR, CPF, NOME, DATA_REGISTRO) VALUES(22, 17, '80641654073', 'Renata', TIMESTAMP '2022-10-16 21:24:17.000000');
INSERT INTO RM94513.RECRUTADOR (PESSOA_COD_PESSOA, COD_RECRUTADOR, CPF, NOME, DATA_REGISTRO) VALUES(23, 18, '18899798052', 'Oscar', TIMESTAMP '2022-10-16 21:24:17.000000');
INSERT INTO RM94513.RECRUTADOR (PESSOA_COD_PESSOA, COD_RECRUTADOR, CPF, NOME, DATA_REGISTRO) VALUES(24, 19, '07946934076', 'Douglas', TIMESTAMP '2022-10-16 21:24:17.000000');
INSERT INTO RM94513.RECRUTADOR (PESSOA_COD_PESSOA, COD_RECRUTADOR, CPF, NOME, DATA_REGISTRO) VALUES(25, 20, '14889039805', 'Marcos', TIMESTAMP '2022-10-16 21:24:17.000000');
INSERT INTO RM94513.RECRUTADOR (PESSOA_COD_PESSOA, COD_RECRUTADOR, CPF, NOME, DATA_REGISTRO) VALUES(26, 21, '99325158094', 'Pedro', TIMESTAMP '2022-10-16 21:24:18.000000');
INSERT INTO RM94513.RECRUTADOR (PESSOA_COD_PESSOA, COD_RECRUTADOR, CPF, NOME, DATA_REGISTRO) VALUES(7, 2, '14889039805', 'Carlos', TIMESTAMP '2022-10-16 21:02:32.000000');

INSERT INTO RM94513.PESSOA_EMAIL (COD_EMAIL, EMAIL, PESSOA_COD_PESSOA) VALUES(2, 'leoanrdo@fiap.com', 8);
INSERT INTO RM94513.PESSOA_EMAIL (COD_EMAIL, EMAIL, PESSOA_COD_PESSOA) VALUES(3, 'rafaella@fiap.com', 9);
INSERT INTO RM94513.PESSOA_EMAIL (COD_EMAIL, EMAIL, PESSOA_COD_PESSOA) VALUES(4, 'felipe@fiap.com', 10);
INSERT INTO RM94513.PESSOA_EMAIL (COD_EMAIL, EMAIL, PESSOA_COD_PESSOA) VALUES(5, 'vinicius@fiap.com', 11);
INSERT INTO RM94513.PESSOA_EMAIL (COD_EMAIL, EMAIL, PESSOA_COD_PESSOA) VALUES(6, 'matheus@fiap.com', 12);
INSERT INTO RM94513.PESSOA_EMAIL (COD_EMAIL, EMAIL, PESSOA_COD_PESSOA) VALUES(7, 'ryan@fiap.com', 13);
INSERT INTO RM94513.PESSOA_EMAIL (COD_EMAIL, EMAIL, PESSOA_COD_PESSOA) VALUES(8, 'carla@fiap.com', 14);
INSERT INTO RM94513.PESSOA_EMAIL (COD_EMAIL, EMAIL, PESSOA_COD_PESSOA) VALUES(9, 'gustavo@fiap.com', 15);
INSERT INTO RM94513.PESSOA_EMAIL (COD_EMAIL, EMAIL, PESSOA_COD_PESSOA) VALUES(10, 'rafael@fiap.com', 16);
INSERT INTO RM94513.PESSOA_EMAIL (COD_EMAIL, EMAIL, PESSOA_COD_PESSOA) VALUES(11, 'igor@fiap.com', 17);
INSERT INTO RM94513.PESSOA_EMAIL (COD_EMAIL, EMAIL, PESSOA_COD_PESSOA) VALUES(12, 'adriana@fiap.com', 18);
INSERT INTO RM94513.PESSOA_EMAIL (COD_EMAIL, EMAIL, PESSOA_COD_PESSOA) VALUES(13, 'marcela@fiap.com', 19);
INSERT INTO RM94513.PESSOA_EMAIL (COD_EMAIL, EMAIL, PESSOA_COD_PESSOA) VALUES(14, 'renato@fiap.com', 20);
INSERT INTO RM94513.PESSOA_EMAIL (COD_EMAIL, EMAIL, PESSOA_COD_PESSOA) VALUES(15, 'renata@fiap.com', 21);
INSERT INTO RM94513.PESSOA_EMAIL (COD_EMAIL, EMAIL, PESSOA_COD_PESSOA) VALUES(16, 'oscar@fiap.com', 22);
INSERT INTO RM94513.PESSOA_EMAIL (COD_EMAIL, EMAIL, PESSOA_COD_PESSOA) VALUES(17, 'douglas@fiap.com', 23);
INSERT INTO RM94513.PESSOA_EMAIL (COD_EMAIL, EMAIL, PESSOA_COD_PESSOA) VALUES(18, 'marcos@fiap.com', 24);
INSERT INTO RM94513.PESSOA_EMAIL (COD_EMAIL, EMAIL, PESSOA_COD_PESSOA) VALUES(19, 'pedro@fiap.com', 25);
INSERT INTO RM94513.PESSOA_EMAIL (COD_EMAIL, EMAIL, PESSOA_COD_PESSOA) VALUES(20, 'giulia@fiap.com', 26);
INSERT INTO RM94513.PESSOA_EMAIL (COD_EMAIL, EMAIL, PESSOA_COD_PESSOA) VALUES(1, 'leandro@fiap.com', 7);

INSERT INTO RM94513.EMPRESA (COD_EMPRESA, RAZAO_SOCIAL, NOME_FANTASIA, DATA_FUNDACAO, WEBSITE, PESSOA_COD_PESSOA, CNPJ) VALUES(1, 'MILTÃO DA MASSA S/A', 'MILTÃO DA MASSA S/A', TIMESTAMP '2002-09-13 00:00:00.000000', 'www.miltaodamassa.com', 43, '80440304000109');
INSERT INTO RM94513.EMPRESA (COD_EMPRESA, RAZAO_SOCIAL, NOME_FANTASIA, DATA_FUNDACAO, WEBSITE, PESSOA_COD_PESSOA, CNPJ) VALUES(2, 'Stella e Thomas Assessoria Jurídica Ltda', 'Stella e Thomas Assessoria Jurídica Ltda', TIMESTAMP '1950-10-25 00:00:00.000000', 'www.stella.com', 44, '78063206000158');
INSERT INTO RM94513.EMPRESA (COD_EMPRESA, RAZAO_SOCIAL, NOME_FANTASIA, DATA_FUNDACAO, WEBSITE, PESSOA_COD_PESSOA, CNPJ) VALUES(3, 'Beatriz e Rosa Construções Ltda', 'Beatriz e Rosa Construções Ltda', TIMESTAMP '2010-02-10 00:00:00.000000', 'www.beatrizcontrucoes.com', 45, '07523168000120');
INSERT INTO RM94513.EMPRESA (COD_EMPRESA, RAZAO_SOCIAL, NOME_FANTASIA, DATA_FUNDACAO, WEBSITE, PESSOA_COD_PESSOA, CNPJ) VALUES(4, 'Pedro Henrique e Mariana Construções Ltda', 'Pedro Henrique e Mariana Construções Ltda', TIMESTAMP '2003-02-07 00:00:00.000000', 'www.miltaodamassa.com', 46, '66841985000196');
INSERT INTO RM94513.EMPRESA (COD_EMPRESA, RAZAO_SOCIAL, NOME_FANTASIA, DATA_FUNDACAO, WEBSITE, PESSOA_COD_PESSOA, CNPJ) VALUES(5, 'Oliver e Marcos Informática Ltda', 'Oliver e Marcos Informática Ltda', TIMESTAMP '2022-10-16 00:00:00.000000', 'www.oliver.com', 47, '40184620000142');
INSERT INTO RM94513.EMPRESA (COD_EMPRESA, RAZAO_SOCIAL, NOME_FANTASIA, DATA_FUNDACAO, WEBSITE, PESSOA_COD_PESSOA, CNPJ) VALUES(6, 'Bruna e Samuel Corretores Associados Ltda', 'Bruna e Samuel Corretores Associados Ltda', TIMESTAMP '2009-10-25 00:00:00.000000', 'www.corretores.com', 48, '73758973000168');
INSERT INTO RM94513.EMPRESA (COD_EMPRESA, RAZAO_SOCIAL, NOME_FANTASIA, DATA_FUNDACAO, WEBSITE, PESSOA_COD_PESSOA, CNPJ) VALUES(10, 'Betina e Sophie Alimentos ME', 'Betina e Sophie Alimentos ME', TIMESTAMP '1997-01-30 00:00:00.000000', 'www.miltaodamassa.com', 49, '73758973000168');
INSERT INTO RM94513.EMPRESA (COD_EMPRESA, RAZAO_SOCIAL, NOME_FANTASIA, DATA_FUNDACAO, WEBSITE, PESSOA_COD_PESSOA, CNPJ) VALUES(11, 'Aparecida e Pietro Telecomunicações ME', 'Aparecida e Pietro Telecomunicações ME', TIMESTAMP '2007-08-26 00:00:00.000000', 'www.alimentos.com', 50, '51058975000101');
INSERT INTO RM94513.EMPRESA (COD_EMPRESA, RAZAO_SOCIAL, NOME_FANTASIA, DATA_FUNDACAO, WEBSITE, PESSOA_COD_PESSOA, CNPJ) VALUES(12, 'Edson e Mateus Advocacia Ltda', 'Edson e Mateus Advocacia Ltda', TIMESTAMP '1971-11-25 00:00:00.000000', 'www.adv.com', 51, '51058975000101');
INSERT INTO RM94513.EMPRESA (COD_EMPRESA, RAZAO_SOCIAL, NOME_FANTASIA, DATA_FUNDACAO, WEBSITE, PESSOA_COD_PESSOA, CNPJ) VALUES(13, 'Alessandra e Isabella Doces & Salgados Ltda', 'Alessandra e Isabella Doces & Salgados Ltda', TIMESTAMP '2004-03-19 00:00:00.000000', 'www.doces&salgados.com', 52, '51058975000101');
INSERT INTO RM94513.EMPRESA (COD_EMPRESA, RAZAO_SOCIAL, NOME_FANTASIA, DATA_FUNDACAO, WEBSITE, PESSOA_COD_PESSOA, CNPJ) VALUES(14, 'Martin e Fabiana Casa Noturna Ltda', 'Martin e Fabiana Casa Noturna Ltda', TIMESTAMP '2004-07-23 00:00:00.000000', 'www.casanoturna.com', 53, '51058975000101');
INSERT INTO RM94513.EMPRESA (COD_EMPRESA, RAZAO_SOCIAL, NOME_FANTASIA, DATA_FUNDACAO, WEBSITE, PESSOA_COD_PESSOA, CNPJ) VALUES(15, 'Samuel e Roberto Telas ME', 'Samuel e Roberto Telas ME', TIMESTAMP '2010-02-15 00:00:00.000000', 'www.telas.com', 54, '51058975000101');
INSERT INTO RM94513.EMPRESA (COD_EMPRESA, RAZAO_SOCIAL, NOME_FANTASIA, DATA_FUNDACAO, WEBSITE, PESSOA_COD_PESSOA, CNPJ) VALUES(16, 'Amanda e Yuri Padaria ME', 'Amanda e Yuri Padaria ME', TIMESTAMP '2001-01-01 00:00:00.000000', 'www.padoca.com', 56, '02151396000101');
INSERT INTO RM94513.EMPRESA (COD_EMPRESA, RAZAO_SOCIAL, NOME_FANTASIA, DATA_FUNDACAO, WEBSITE, PESSOA_COD_PESSOA, CNPJ) VALUES(23, 'Tomás e Sophie Informática ME', 'Tomás e Sophie Informática ME', TIMESTAMP '2005-01-21 00:00:00.000000', 'www.informatica.com', 55, '64248939000152');

INSERT INTO RM94513.PESSOA_TELEFONE (COD_TELEFONE, NM_TELEFONE, PESSOA_COD_PESSOA) VALUES(2, '11982769048', 28);
INSERT INTO RM94513.PESSOA_TELEFONE (COD_TELEFONE, NM_TELEFONE, PESSOA_COD_PESSOA) VALUES(3, '5439204480', 29);
INSERT INTO RM94513.PESSOA_TELEFONE (COD_TELEFONE, NM_TELEFONE, PESSOA_COD_PESSOA) VALUES(4, '11982769048', 30);
INSERT INTO RM94513.PESSOA_TELEFONE (COD_TELEFONE, NM_TELEFONE, PESSOA_COD_PESSOA) VALUES(5, '1134106114', 31);
INSERT INTO RM94513.PESSOA_TELEFONE (COD_TELEFONE, NM_TELEFONE, PESSOA_COD_PESSOA) VALUES(6, '1835255859', 32);
INSERT INTO RM94513.PESSOA_TELEFONE (COD_TELEFONE, NM_TELEFONE, PESSOA_COD_PESSOA) VALUES(7, '1538175832', 33);
INSERT INTO RM94513.PESSOA_TELEFONE (COD_TELEFONE, NM_TELEFONE, PESSOA_COD_PESSOA) VALUES(8, '1635044394', 34);
INSERT INTO RM94513.PESSOA_TELEFONE (COD_TELEFONE, NM_TELEFONE, PESSOA_COD_PESSOA) VALUES(9, '1135865664', 35);
INSERT INTO RM94513.PESSOA_TELEFONE (COD_TELEFONE, NM_TELEFONE, PESSOA_COD_PESSOA) VALUES(10, '1526742512', 36);
INSERT INTO RM94513.PESSOA_TELEFONE (COD_TELEFONE, NM_TELEFONE, PESSOA_COD_PESSOA) VALUES(11, '1126672553', 37);
INSERT INTO RM94513.PESSOA_TELEFONE (COD_TELEFONE, NM_TELEFONE, PESSOA_COD_PESSOA) VALUES(12, '1832722013', 38);
INSERT INTO RM94513.PESSOA_TELEFONE (COD_TELEFONE, NM_TELEFONE, PESSOA_COD_PESSOA) VALUES(13, '1524843663', 39);
INSERT INTO RM94513.PESSOA_TELEFONE (COD_TELEFONE, NM_TELEFONE, PESSOA_COD_PESSOA) VALUES(14, '1137074387', 40);
INSERT INTO RM94513.PESSOA_TELEFONE (COD_TELEFONE, NM_TELEFONE, PESSOA_COD_PESSOA) VALUES(15, '1732622636', 41);
INSERT INTO RM94513.PESSOA_TELEFONE (COD_TELEFONE, NM_TELEFONE, PESSOA_COD_PESSOA) VALUES(1, '11982769048', 27);

INSERT INTO RM94513.USUARIO (ID_USUARIO, PESSOA_COD_PESSOA, COD_USUARIO, STATUS_USUARIO, TIPO_USUARIO, DATA_REGISTRO, SENHA_USUARIO) VALUES(1, 4, 'Leandro', 'A', 'Admin', TIMESTAMP '2022-10-16 18:13:41.000000', 'LeandroBraga');
INSERT INTO RM94513.USUARIO (ID_USUARIO, PESSOA_COD_PESSOA, COD_USUARIO, STATUS_USUARIO, TIPO_USUARIO, DATA_REGISTRO, SENHA_USUARIO) VALUES(2, 5, 'LeandroBraga', 'A', 'Admin', TIMESTAMP '2022-10-16 18:54:27.000000', 'LeandroBraga1');
INSERT INTO RM94513.USUARIO (ID_USUARIO, PESSOA_COD_PESSOA, COD_USUARIO, STATUS_USUARIO, TIPO_USUARIO, DATA_REGISTRO, SENHA_USUARIO) VALUES(3, 6, 'Vinicius', 'A', 'Admin', TIMESTAMP '2022-10-16 20:22:46.000000', 'Vinicin');

INSERT INTO RM94513.PESSOA_VAGA (PESSOA_COD_PESSOA, VAGA_ID_VAGA, DATA_REGISTRO) VALUES(4, 3, TIMESTAMP '2022-10-16 23:53:31.000000');
INSERT INTO RM94513.PESSOA_VAGA (PESSOA_COD_PESSOA, VAGA_ID_VAGA, DATA_REGISTRO) VALUES(4, 4, TIMESTAMP '2022-10-16 23:53:36.000000');
INSERT INTO RM94513.PESSOA_VAGA (PESSOA_COD_PESSOA, VAGA_ID_VAGA, DATA_REGISTRO) VALUES(7, 3, TIMESTAMP '2022-10-16 23:54:02.000000');



